toneladas,ventas,produccion,inventario,algodon,nailon,poliester,energia,productividad,proteccion,agua,ciudad,mes
452.397,113.761,4.455,0.101,0.31,0.698,0.571,15.104,10.028,5.785,93.173,Mexico,Abril
457.627,83.723,9.128,0.223,0.301,0.42,0.4,22.962,4.23,4.435,118.452,Bogota,Julio
147.431,49.195,4.099,0.241,0.272,0.45,0.427,16.115,9.444,6.015,47.314,Medellin,Junio
466.29,113.159,7.957,0.261,0.239,0.538,0.543,8.766,13.704,3.703,115.301,Mexico,Diciembre
381.343,110.769,10.026,0.233,0.255,0.581,0.537,17.27,14.447,4.549,97.999,Santiago,Abril
495.797,122.507,7.288,0.382,0.141,0.717,0.661,12.145,12.184,5.562,95.965,Medellin,Marzo
189.909,61.548,7.754,0.303,0.297,0.569,0.562,15.352,17.022,6.06,98.622,Bogota,Marzo
702.312,158.794,7.904,0.473,0.239,0.681,0.601,20.78,11.08,5.656,90.547,Bogota,Diciembre
441.836,97.077,9.005,0.241,0.327,0.504,0.477,9.252,5.756,4.538,81.915,Mexico,Abril
496.869,118.97,8.711,0.285,0.262,0.882,0.774,14.856,14.066,3.516,111.314,Santiago,Abril
309.67,70.745,6.337,0.033,0.292,0.353,0.348,23.688,8.954,4.975,128.22,Santiago,Febrero
413.378,85.765,8.69,0.47,0.186,0.451,0.374,13.274,3.866,5.626,78.73,Medellin,Junio
288.925,82.335,6.172,0.224,0.262,0.726,0.578,15.554,17.162,6.402,137.784,Santiago,Marzo
371.193,85.532,5.367,0.156,0.252,0.72,0.627,19.391,7.683,5.828,94.208,Santiago,Febrero
278.127,101.869,9.831,0.231,0.39,0.68,0.6,9.086,16.571,3.981,100.212,Medellin,Febrero
441.657,105.985,9.681,0.128,0.193,0.311,0.238,13.952,10.881,3.064,153.806,Mexico,Marzo
565.163,120.739,8.023,0.272,0.332,0.98,0.923,19.097,6.979,5.621,110.339,Mexico,Marzo
375.968,97.056,9.97,0.092,0.372,0.425,0.413,18.203,13.436,5.324,110.612,Santiago,Diciembre
384.832,114.305,10.726,0.287,0.259,0.564,0.477,11.787,12.546,4.0,50.478,Bogota,Julio
654.095,123.444,3.236,0.124,0.216,0.669,0.581,20.654,3.263,2.919,107.372,Santiago,Marzo
360.077,89.513,9.058,0.215,0.229,0.588,0.48,8.103,10.145,6.411,108.657,Medellin,Agosto
570.045,128.473,3.522,0.189,0.143,0.732,0.63,9.689,14.761,5.545,150.417,Santiago,Febrero
429.775,134.287,9.045,0.321,0.253,0.644,0.595,14.455,18.891,4.596,91.935,Bogota,Abril
455.857,94.724,6.932,0.432,0.229,0.473,0.476,17.322,10.7,5.267,140.071,Santiago,Junio
570.44,130.871,9.874,0.249,0.164,0.488,0.407,18.664,10.549,5.991,152.56,Santiago,Febrero
493.499,110.593,15.227,0.272,0.151,0.677,0.552,20.511,12.645,5.316,54.287,Santiago,Abril
345.356,78.317,8.574,0.116,0.418,0.83,0.709,12.965,11.816,6.756,113.319,Medellin,Enero
479.034,119.523,10.15,0.321,0.174,0.399,0.445,13.546,9.825,3.947,122.596,Mexico,Febrero
331.814,93.885,4.378,0.258,0.215,0.672,0.656,16.329,16.65,5.118,146.297,Santiago,Junio
442.727,118.015,8.966,0.099,0.34,0.791,0.683,12.729,12.529,5.44,61.069,Bogota,Junio
165.235,39.247,9.479,0.193,0.254,0.344,0.331,18.884,12.197,4.038,84.722,Bogota,Abril
220.518,67.465,6.612,0.132,0.228,0.58,0.537,18.094,12.464,5.917,134.898,Bogota,Febrero
456.698,108.705,7.212,0.273,0.215,0.734,0.676,14.107,12.033,6.037,148.9,Santiago,Febrero
649.105,149.626,11.038,0.422,0.325,0.465,0.341,23.0,11.745,5.637,123.561,Mexico,Febrero
427.226,101.177,7.011,0.368,0.167,0.482,0.402,22.039,15.772,5.221,77.928,Santiago,Diciembre
353.086,100.412,7.318,0.351,0.115,0.533,0.421,12.676,15.8,6.634,82.431,Mexico,Enero
394.695,76.808,7.526,0.242,0.321,0.676,0.578,23.142,6.728,2.501,138.166,Mexico,Febrero
468.46,103.342,4.957,0.16,0.386,0.569,0.499,14.106,4.801,5.697,97.201,Mexico,Abril
318.627,93.79,8.978,0.247,0.299,0.35,0.309,13.048,7.414,4.97,97.008,Mexico,Junio
382.245,110.53,9.578,0.321,0.294,0.435,0.414,14.469,13.057,4.492,115.977,Santiago,Julio
396.737,108.844,6.489,0.216,0.203,0.468,0.453,18.834,11.286,3.614,83.097,Bogota,Abril
319.962,110.002,7.969,0.253,0.269,0.554,0.558,15.767,14.493,3.657,110.09,Medellin,Julio
358.818,117.57,5.274,0.199,0.344,0.735,0.641,12.229,16.851,5.952,111.444,Bogota,Enero
295.438,84.44,8.202,0.337,0.279,0.702,0.529,15.454,12.377,6.513,137.846,Santiago,Abril
470.678,124.933,8.166,0.317,0.294,0.385,0.323,10.602,12.94,4.789,120.957,Mexico,Febrero
270.27,83.0,6.815,0.517,0.293,0.477,0.415,19.991,13.437,5.653,102.738,Santiago,Marzo
549.815,110.986,3.796,0.242,0.291,0.656,0.624,22.358,7.937,3.718,76.662,Santiago,Diciembre
343.691,93.156,5.981,0.231,0.212,0.607,0.561,16.299,8.387,6.271,107.468,Medellin,Diciembre
406.476,101.581,7.408,0.154,0.244,0.505,0.422,9.768,11.603,5.78,114.585,Mexico,Abril
225.21,69.581,8.169,0.297,0.186,0.338,0.326,15.038,9.293,6.373,138.231,Mexico,Diciembre
319.793,60.307,7.492,0.226,0.303,0.754,0.695,12.321,12.034,3.469,80.089,Bogota,Enero
419.761,106.515,7.794,0.411,0.284,0.382,0.265,7.521,11.801,5.204,85.917,Mexico,Marzo
354.228,109.481,11.48,0.35,0.358,0.882,0.748,11.604,15.281,4.564,164.507,Medellin,Diciembre
132.326,49.099,10.306,0.218,0.322,0.434,0.385,8.324,13.375,4.519,103.805,Mexico,Enero
291.377,88.738,5.265,0.204,0.148,0.564,0.468,13.048,10.966,7.123,148.007,Mexico,Abril
559.001,105.801,8.589,0.224,0.06,0.535,0.55,15.739,9.256,6.007,105.079,Bogota,Febrero
523.506,156.267,6.459,0.294,0.224,0.579,0.499,14.026,12.278,7.145,83.053,Bogota,Julio
198.624,56.377,7.739,0.351,0.142,0.583,0.484,16.911,16.659,3.353,99.715,Santiago,Abril
398.764,114.127,4.308,0.199,0.361,0.57,0.5,16.734,14.618,6.897,129.415,Santiago,Marzo
342.172,95.375,3.495,0.194,0.18,0.584,0.549,14.601,17.672,6.278,79.131,Santiago,Febrero
446.135,114.333,11.569,0.474,0.262,0.222,0.22,7.361,13.337,5.841,149.892,Bogota,Junio
350.901,87.035,9.73,0.073,0.315,0.682,0.666,17.065,7.781,4.72,100.598,Bogota,Agosto
604.206,140.82,6.525,0.126,0.299,0.732,0.684,10.485,7.54,6.564,116.226,Santiago,Junio
213.534,56.684,9.551,0.363,0.203,0.628,0.58,18.861,15.634,4.747,105.695,Mexico,Junio
493.135,91.135,8.722,0.297,0.234,0.638,0.543,7.19,8.969,2.701,124.838,Santiago,Febrero
611.851,123.152,6.987,0.214,0.108,0.52,0.463,12.563,6.779,6.47,118.598,Santiago,Agosto
310.869,74.507,10.547,0.254,0.342,0.362,0.375,11.027,11.549,7.109,110.597,Santiago,Enero
486.884,95.161,9.553,0.153,0.211,0.417,0.388,8.663,8.338,4.304,83.55,Santiago,Abril
449.391,120.786,7.771,0.016,0.255,0.565,0.495,10.665,12.961,3.39,106.088,Mexico,Marzo
250.259,48.238,9.36,0.36,0.19,0.375,0.268,11.291,6.343,5.93,137.129,Mexico,Abril
310.893,95.926,12.753,0.161,0.185,0.366,0.424,16.616,13.179,7.521,139.52,Bogota,Agosto
458.992,126.234,6.176,0.247,0.258,0.54,0.527,10.621,13.305,6.652,124.101,Bogota,Abril
523.751,137.585,6.184,0.259,0.386,0.242,0.175,11.63,16.887,5.295,124.26,Santiago,Marzo
331.314,82.484,8.656,0.109,0.219,0.374,0.285,17.77,14.201,2.728,86.813,Santiago,Octubre
345.94,85.659,7.68,0.111,0.162,0.662,0.566,19.394,10.704,4.772,119.23,Santiago,Diciembre
357.551,81.441,8.479,0.277,0.105,0.304,0.349,15.374,10.745,3.831,112.62,Santiago,Marzo
659.112,137.425,3.711,0.221,0.273,0.819,0.717,16.966,7.212,6.718,108.895,Santiago,Marzo
452.905,125.806,10.535,0.155,0.388,0.259,0.245,18.61,12.711,3.499,132.796,Santiago,Febrero
422.557,128.9,6.57,0.189,0.262,0.395,0.405,19.483,16.41,4.391,115.558,Bogota,Abril
385.202,97.569,6.564,0.502,0.299,0.353,0.348,18.451,11.831,6.044,106.301,Santiago,Febrero
453.425,131.423,11.85,0.26,0.222,0.462,0.438,16.139,12.909,5.593,101.809,Bogota,Diciembre
284.02,80.939,7.794,0.128,0.367,0.425,0.359,12.051,10.545,5.471,121.375,Santiago,Abril
404.304,98.063,8.883,0.125,0.284,0.552,0.474,18.585,13.627,7.031,125.051,Santiago,Enero
459.736,121.917,9.812,0.365,0.171,0.66,0.554,13.188,12.236,5.924,104.358,Santiago,Abril
395.389,86.659,10.058,0.226,0.174,0.687,0.57,16.01,8.215,4.6,107.342,Bogota,Enero
330.596,100.614,12.964,0.337,0.257,0.54,0.464,15.246,22.089,4.969,66.862,Mexico,Marzo
226.116,51.519,5.342,0.273,0.13,0.76,0.682,17.794,12.133,6.191,142.285,Bogota,Diciembre
406.636,101.481,9.411,0.26,0.274,0.464,0.358,13.201,11.525,4.493,106.416,Mexico,Julio
354.319,82.032,8.49,0.17,0.162,0.645,0.559,12.117,9.907,2.959,70.124,Santiago,Abril
256.869,63.061,6.861,0.204,0.139,0.597,0.57,13.195,10.53,4.673,136.155,Mexico,Marzo
227.838,83.768,4.756,0.442,0.244,0.597,0.561,8.813,13.545,3.493,106.596,Santiago,Julio
231.591,93.406,6.067,0.249,0.341,0.576,0.542,7.904,13.183,4.37,133.142,Mexico,Junio
208.125,62.541,8.496,0.079,0.183,0.297,0.315,18.188,12.056,4.37,137.641,Bogota,Diciembre
341.153,94.404,5.857,0.291,0.194,0.942,0.829,21.911,7.832,6.487,93.565,Mexico,Junio
367.825,103.471,6.157,0.369,0.133,0.256,0.223,14.388,10.007,4.85,86.302,Medellin,Junio
230.187,70.816,8.955,0.278,0.253,0.583,0.493,12.6,15.19,3.987,138.221,Bogota,Agosto
453.146,104.443,8.39,0.291,0.187,0.774,0.722,9.641,15.334,5.392,97.144,Mexico,Marzo
408.136,95.496,3.46,0.354,0.082,0.373,0.385,23.552,8.621,4.061,92.396,Bogota,Marzo
402.026,111.191,4.198,0.334,0.335,0.543,0.512,23.299,11.138,6.714,116.309,Bogota,Febrero
549.607,133.35,5.651,0.306,0.321,0.574,0.495,17.532,12.967,4.029,108.907,Santiago,Diciembre
275.828,85.435,9.574,0.217,0.201,0.434,0.376,18.641,13.252,6.755,52.576,Mexico,Agosto
293.009,95.024,3.68,0.276,0.254,0.414,0.358,10.735,9.62,5.446,99.471,Mexico,Diciembre
220.927,79.488,9.022,0.324,0.214,0.303,0.312,13.386,10.427,5.353,112.867,Bogota,Abril
659.308,154.821,10.253,0.262,0.162,0.628,0.608,12.821,15.626,5.608,80.022,Santiago,Enero
267.673,55.04,9.737,0.259,0.396,0.587,0.488,10.845,11.07,4.451,115.338,Santiago,Enero
510.074,137.672,10.748,0.216,0.334,0.634,0.549,18.604,10.77,4.891,134.871,Mexico,Abril
393.018,100.531,12.066,0.295,0.251,0.48,0.4,13.544,13.749,3.209,94.009,Mexico,Marzo
372.091,85.351,4.12,0.275,0.12,0.377,0.388,10.868,10.129,4.77,129.458,Santiago,Junio
544.73,147.077,10.32,0.321,0.298,0.478,0.407,13.881,8.912,6.356,101.283,Mexico,Agosto
376.964,92.814,10.621,0.151,0.182,0.752,0.584,15.47,15.876,5.4,136.199,Bogota,Diciembre
275.052,73.999,5.994,0.272,0.329,0.372,0.32,12.585,15.032,4.303,121.881,Santiago,Junio
167.373,50.168,7.293,0.214,0.222,0.48,0.528,15.882,15.224,6.4,98.55,Santiago,Junio
377.233,108.84,5.966,0.261,0.158,0.265,0.232,10.135,11.713,3.491,81.086,Bogota,Marzo
708.174,157.319,8.52,0.19,0.237,0.507,0.479,19.555,9.586,4.602,98.971,Bogota,Enero
379.811,87.564,6.664,0.325,0.268,0.606,0.497,14.146,7.711,5.925,98.702,Santiago,Marzo
404.356,87.099,10.766,0.438,0.37,0.453,0.421,8.529,13.597,4.699,100.123,Santiago,Marzo
742.176,174.422,7.865,0.237,0.18,0.275,0.286,16.678,12.769,4.697,103.987,Santiago,Marzo
410.253,105.054,7.4,0.187,0.268,0.742,0.711,9.783,13.754,4.931,134.979,Mexico,Diciembre
243.568,74.053,7.499,0.264,0.234,0.606,0.579,10.079,16.164,3.613,115.654,Bogota,Marzo
269.556,83.94,6.295,0.316,0.141,0.544,0.477,20.082,9.358,3.674,137.109,Mexico,Diciembre
341.819,99.809,6.582,0.188,0.379,0.282,0.311,15.069,15.758,4.61,138.377,Santiago,Febrero
388.947,72.829,9.07,0.53,0.166,0.643,0.566,7.357,9.102,5.901,115.28,Bogota,Marzo
279.613,83.734,6.727,0.342,0.32,0.463,0.457,11.291,15.977,4.784,71.861,Bogota,Diciembre
455.345,118.514,7.363,0.074,0.268,0.76,0.645,19.764,11.12,5.461,109.889,Bogota,Abril
232.17,76.34,8.897,0.189,0.307,0.487,0.388,13.676,12.885,6.343,68.111,Santiago,Julio
433.095,106.345,6.944,0.259,0.333,0.61,0.491,11.777,14.482,5.062,73.754,Bogota,Julio
562.782,141.49,6.375,0.35,0.227,0.571,0.501,26.788,10.253,5.866,149.729,Medellin,Abril
303.07,80.905,9.921,0.168,0.229,0.33,0.318,18.931,15.493,4.095,133.872,Santiago,Junio
555.968,115.606,11.691,0.188,0.107,0.885,0.777,21.761,7.472,5.822,114.278,Bogota,Febrero
276.51,65.84,8.061,0.123,0.195,0.368,0.408,12.34,11.78,4.528,127.066,Bogota,Marzo
440.051,84.205,10.109,-0.126,0.152,0.868,0.78,13.391,8.057,2.064,100.518,Santiago,Abril
249.974,76.047,11.268,0.281,0.227,0.83,0.745,14.969,14.137,5.954,84.05,Medellin,Febrero
496.933,128.56,5.32,0.125,0.125,0.399,0.372,19.453,13.399,5.216,105.294,Mexico,Diciembre
487.102,120.049,8.924,0.22,0.223,0.496,0.433,18.197,14.4,3.179,178.676,Santiago,Febrero
372.94,94.595,9.639,0.225,0.272,0.455,0.377,14.056,12.22,5.123,94.504,Santiago,Julio
583.164,119.612,7.188,0.006,0.272,0.93,0.885,11.824,10.668,3.38,130.8,Santiago,Junio
270.424,86.22,9.379,0.184,0.253,0.763,0.667,16.778,10.102,4.898,130.466,Mexico,Marzo
270.606,92.018,9.157,0.224,0.284,0.541,0.464,16.086,12.363,6.287,126.824,Bogota,Junio
186.93,40.381,6.874,0.379,0.307,0.619,0.599,14.979,12.63,4.224,101.061,Bogota,Febrero
418.887,110.343,4.628,0.308,0.288,0.643,0.548,24.404,10.51,5.346,116.334,Mexico,Abril
631.514,136.014,7.079,0.17,0.196,0.306,0.269,14.656,11.563,3.119,118.562,Bogota,Enero
462.684,104.921,6.602,0.1,0.231,0.638,0.598,6.332,11.74,3.425,106.228,Bogota,Marzo
473.493,105.992,11.105,0.181,0.251,0.46,0.427,11.234,9.202,5.825,104.017,Santiago,Diciembre
416.632,117.05,6.308,0.377,0.199,0.431,0.465,11.857,15.635,4.405,92.987,Medellin,Junio
197.193,20.241,4.92,0.168,0.361,0.803,0.667,13.605,11.716,2.72,100.008,Santiago,Abril
432.416,108.236,7.604,0.301,0.208,0.512,0.484,18.324,10.862,5.599,148.725,Mexico,Junio
414.32,109.445,6.079,0.205,0.307,0.675,0.65,18.094,8.442,5.02,98.824,Medellin,Marzo
205.84,74.641,4.422,0.288,0.404,0.672,0.62,14.762,12.528,5.304,125.299,Bogota,Junio
530.507,118.374,7.3,0.281,0.216,0.655,0.559,14.345,9.385,2.399,108.423,Mexico,Febrero
481.681,123.43,10.269,0.448,0.21,0.488,0.498,11.595,15.294,5.991,154.748,Mexico,Abril
474.274,135.938,6.942,0.393,0.299,0.576,0.506,10.719,11.222,3.004,97.935,Bogota,Agosto
598.561,161.88,8.609,0.323,0.388,0.387,0.325,17.732,10.818,5.133,84.069,Mexico,Junio
371.161,98.95,5.657,0.235,0.157,0.726,0.669,18.166,15.261,5.698,138.134,Medellin,Diciembre
455.034,122.207,8.818,0.249,0.295,0.277,0.242,9.585,14.409,4.25,115.209,Santiago,Agosto
489.527,104.789,10.656,0.272,0.277,0.346,0.387,18.444,9.865,4.843,106.457,Santiago,Junio
250.047,79.007,8.144,0.323,0.177,0.491,0.437,10.605,12.136,4.918,113.895,Mexico,Marzo
484.559,104.46,8.845,0.186,0.263,0.85,0.7,21.182,9.544,5.83,102.127,Mexico,Marzo
239.207,57.104,8.157,0.139,0.061,0.509,0.453,12.135,9.872,4.944,110.977,Medellin,Junio
478.134,106.245,6.441,0.136,0.265,0.404,0.449,13.48,9.781,4.996,154.946,Santiago,Enero
237.561,64.184,9.244,0.052,0.112,0.737,0.616,9.034,11.741,4.19,99.022,Bogota,Febrero
414.491,97.837,7.111,0.281,0.188,0.423,0.421,6.907,12.134,5.117,111.101,Mexico,Junio
407.029,110.905,7.891,0.452,0.142,0.695,0.623,12.619,8.623,6.351,109.565,Medellin,Diciembre
366.413,68.901,8.786,0.053,0.233,0.52,0.436,16.312,12.249,5.606,158.998,Medellin,Enero
239.216,83.791,7.7,0.317,0.252,0.758,0.707,10.13,15.17,7.375,100.124,Bogota,Abril
404.47,110.744,4.516,0.293,0.243,0.538,0.48,13.323,9.642,2.931,88.56,Mexico,Febrero
415.073,85.709,7.253,0.198,0.26,0.745,0.641,9.236,11.1,2.099,91.267,Santiago,Abril
474.566,114.327,8.894,0.002,0.264,0.61,0.464,14.07,13.188,5.239,133.511,Santiago,Diciembre
259.106,94.146,13.158,0.26,0.284,0.733,0.721,13.638,16.35,5.814,122.252,Bogota,Marzo
358.24,101.646,8.065,0.465,0.235,0.496,0.415,7.667,16.57,6.166,113.524,Bogota,Abril
365.494,94.982,7.02,0.118,0.183,0.728,0.643,12.07,14.646,4.175,85.629,Bogota,Abril
213.259,64.762,10.754,0.279,0.166,0.614,0.54,17.574,14.326,3.929,100.278,Santiago,Abril
272.33,58.362,6.786,0.283,0.421,0.939,0.863,11.621,7.627,5.671,79.173,Bogota,Abril
564.846,110.983,6.774,0.328,0.186,0.525,0.487,21.942,10.046,5.91,52.729,Santiago,Marzo
356.535,84.583,10.225,0.338,0.087,0.684,0.64,3.424,14.103,5.748,85.893,Santiago,Enero
430.943,89.579,7.569,0.288,0.265,0.422,0.293,17.93,11.491,3.387,133.168,Mexico,Diciembre
134.326,53.782,6.024,0.285,0.308,0.606,0.514,16.774,8.357,5.645,135.349,Mexico,Julio
239.332,63.959,6.046,0.302,0.096,0.262,0.274,10.018,10.84,2.779,148.388,Bogota,Marzo
439.273,95.941,6.387,0.175,0.287,0.532,0.438,13.685,9.959,6.293,119.666,Bogota,Marzo
454.251,119.007,8.628,0.244,0.112,0.544,0.449,21.875,16.682,3.961,105.801,Mexico,Abril
409.953,118.125,6.585,0.1,0.263,0.587,0.561,16.398,13.927,7.124,113.824,Bogota,Febrero
493.078,142.489,8.923,0.284,0.234,0.562,0.529,10.665,13.081,6.007,155.155,Santiago,Marzo
413.808,86.541,11.042,0.301,0.327,0.783,0.694,13.55,10.26,5.87,155.103,Bogota,Junio
440.757,137.411,10.61,0.193,0.498,0.723,0.639,16.98,15.126,5.341,88.935,Bogota,Junio
641.844,149.598,5.695,0.257,0.163,0.666,0.579,10.982,13.625,4.498,130.105,Bogota,Junio
305.639,100.064,7.054,0.051,0.317,0.45,0.464,16.404,14.149,4.144,90.804,Mexico,Febrero
655.692,139.09,7.34,0.376,0.16,0.567,0.461,16.351,7.602,2.956,110.237,Santiago,Abril
355.031,64.293,5.98,0.257,0.241,0.162,0.12,14.518,8.454,3.096,129.557,Medellin,Abril
37.918,28.707,11.034,0.222,0.265,0.468,0.362,10.088,16.524,4.116,82.784,Mexico,Diciembre
317.833,66.059,4.289,0.266,0.246,0.368,0.408,14.185,15.237,2.503,89.389,Bogota,Junio
350.796,92.583,5.141,0.223,0.171,0.41,0.418,16.222,13.367,6.14,83.794,Mexico,Marzo
297.755,45.057,10.504,0.241,0.126,0.727,0.652,20.138,8.904,5.283,135.894,Mexico,Julio
464.16,99.229,6.611,0.361,0.314,0.475,0.405,11.196,8.025,5.314,76.785,Medellin,Febrero
482.571,88.248,8.273,0.276,0.204,0.773,0.676,15.051,7.859,4.958,124.7,Santiago,Junio
380.046,91.788,7.329,0.278,0.227,0.544,0.449,19.87,9.768,3.11,144.184,Santiago,Julio
326.885,100.153,8.194,0.098,0.212,0.513,0.439,8.497,13.619,5.68,85.418,Mexico,Abril
472.401,138.677,9.177,0.116,0.303,0.459,0.436,17.718,15.702,5.06,155.952,Bogota,Febrero
461.625,118.947,10.854,0.172,0.269,0.615,0.568,17.94,10.43,4.042,108.87,Medellin,Diciembre
428.728,114.273,7.092,0.195,0.117,0.546,0.532,9.792,14.114,5.092,128.363,Mexico,Junio
334.641,76.663,5.287,0.091,0.183,0.51,0.491,10.973,10.118,2.483,65.6,Santiago,Diciembre
382.97,128.833,7.914,0.295,0.282,0.616,0.533,14.324,13.458,6.756,136.38,Medellin,Abril
550.21,146.726,5.282,0.278,0.327,0.5,0.464,11.703,11.26,3.569,117.949,Bogota,Diciembre
472.246,120.546,10.663,0.275,0.206,0.377,0.316,27.631,14.213,5.123,103.989,Bogota,Enero
301.283,87.443,5.328,0.118,0.158,0.533,0.448,17.1,15.755,4.089,103.848,Bogota,Febrero
287.004,86.998,6.887,0.319,0.287,0.522,0.447,12.171,10.688,6.341,115.718,Bogota,Abril
430.937,104.339,10.358,0.217,0.178,0.64,0.627,16.807,13.321,5.783,89.429,Santiago,Marzo
396.346,109.68,5.616,0.281,0.276,0.425,0.359,5.933,12.711,4.813,86.814,Medellin,Enero
516.253,136.544,12.155,0.387,0.354,0.517,0.488,17.363,14.73,5.988,95.298,Bogota,Abril
281.452,71.187,10.337,0.204,-0.055,0.659,0.59,20.102,13.336,6.905,111.263,Santiago,Abril
586.478,125.799,8.822,0.226,0.21,0.455,0.377,17.102,9.474,3.86,147.783,Santiago,Febrero
328.989,71.223,10.85,0.369,0.409,0.745,0.705,19.612,9.214,4.363,142.061,Santiago,Febrero
369.034,104.198,6.344,0.204,0.111,0.378,0.353,11.609,14.899,6.983,53.353,Santiago,Enero
2.168,23.621,10.896,0.402,0.377,0.318,0.316,19.81,14.407,4.839,106.326,Bogota,Diciembre
284.411,73.792,10.194,0.202,0.238,0.588,0.58,15.462,9.623,6.536,80.069,Santiago,Junio
370.26,107.52,6.933,0.301,0.225,0.674,0.595,14.85,17.188,6.033,74.004,Bogota,Agosto
457.925,101.249,10.327,0.2,0.236,0.448,0.48,16.063,4.504,4.11,114.223,Santiago,Julio
388.279,89.56,7.909,0.254,0.277,0.335,0.286,8.718,11.833,5.784,116.354,Santiago,Abril
432.113,133.304,9.212,0.149,0.238,0.421,0.429,15.059,12.147,4.16,102.591,Santiago,Marzo
471.808,97.997,6.291,0.268,0.375,0.852,0.793,14.731,8.841,5.251,97.501,Bogota,Febrero
398.779,85.943,9.649,0.176,0.283,0.405,0.404,18.184,9.434,4.793,115.353,Bogota,Agosto
535.282,134.179,10.31,0.242,0.243,0.7,0.655,16.953,14.931,4.602,120.103,Santiago,Abril
565.305,143.376,9.225,0.293,0.179,0.435,0.35,10.184,14.005,4.483,83.545,Bogota,Junio
351.992,75.935,5.329,0.313,0.095,0.542,0.465,12.745,11.098,5.658,118.798,Santiago,Abril
333.953,91.626,6.405,0.352,0.234,0.698,0.58,22.555,15.744,6.219,115.017,Mexico,Junio
379.813,111.835,0.843,0.01,0.191,0.216,0.178,14.394,15.779,6.744,110.479,Santiago,Diciembre
431.336,119.763,9.841,0.153,0.23,0.573,0.512,5.942,15.668,5.548,134.346,Santiago,Febrero
411.243,110.919,9.043,0.256,0.131,0.488,0.471,6.958,15.629,2.54,96.417,Bogota,Junio
545.705,139.243,5.586,0.181,0.059,0.497,0.425,18.906,15.247,4.064,87.294,Santiago,Abril
382.204,105.609,8.95,0.269,0.24,0.168,0.117,15.859,18.633,6.512,68.556,Bogota,Febrero
432.818,126.752,6.41,0.131,0.297,0.702,0.611,21.228,16.887,5.092,104.382,Santiago,Junio
451.076,131.256,8.684,0.301,0.281,0.715,0.632,16.458,15.786,3.508,144.616,Santiago,Julio
602.534,115.826,11.319,0.382,0.242,0.354,0.349,20.085,8.18,4.462,135.159,Mexico,Diciembre
301.185,83.568,5.895,0.215,0.245,0.44,0.355,13.048,9.914,5.124,121.514,Mexico,Marzo
497.389,137.235,6.004,0.187,0.348,0.598,0.534,13.355,12.607,5.288,119.812,Santiago,Enero
367.473,91.358,8.063,0.36,0.254,0.088,0.152,12.035,8.4,5.759,72.4,Santiago,Julio
385.877,113.269,9.319,0.211,0.379,0.525,0.54,9.745,11.897,4.252,95.796,Medellin,Abril
394.657,101.678,6.061,0.41,0.293,0.896,0.824,13.175,16.22,7.085,169.401,Santiago,Diciembre
216.973,65.224,7.795,0.272,0.252,0.561,0.474,13.301,14.849,6.93,114.378,Santiago,Junio
543.749,115.147,6.188,0.27,0.18,0.179,0.172,22.674,6.699,4.293,135.983,Mexico,Febrero
414.671,85.464,7.707,0.195,0.287,0.763,0.675,14.795,9.668,4.295,94.326,Santiago,Diciembre
445.571,117.987,8.63,0.35,0.242,0.742,0.648,17.839,13.578,4.528,106.776,Santiago,Febrero
281.253,65.315,5.343,0.139,0.321,0.631,0.637,12.078,11.254,4.048,114.743,Santiago,Enero
343.607,95.076,5.998,0.393,0.237,0.815,0.731,12.793,14.161,6.011,167.17,Mexico,Abril
302.744,83.401,5.003,0.312,0.28,0.576,0.515,7.508,13.966,3.133,100.509,Bogota,Diciembre
392.691,105.0,4.864,0.253,0.361,0.581,0.564,11.935,10.337,6.71,141.699,Mexico,Abril
368.894,94.611,7.534,0.193,0.211,0.749,0.717,14.363,14.35,5.161,73.401,Bogota,Febrero
577.959,122.933,9.217,0.32,0.104,0.635,0.587,20.21,11.854,2.403,89.802,Santiago,Marzo
477.62,107.057,6.603,0.189,0.245,0.48,0.41,4.282,9.713,4.822,127.944,Santiago,Abril
305.552,76.131,5.792,0.37,0.301,0.554,0.513,16.3,7.432,6.517,206.518,Medellin,Marzo
420.021,113.34,6.445,0.197,0.276,0.57,0.436,14.387,8.666,1.681,121.203,Mexico,Diciembre
357.961,93.296,7.178,0.292,0.21,0.414,0.395,14.282,9.694,5.146,71.304,Mexico,Febrero
617.764,130.681,8.457,0.084,0.096,0.596,0.505,19.637,16.612,4.06,95.03,Santiago,Abril
326.491,79.895,10.937,0.248,0.306,0.448,0.444,12.762,13.87,6.007,145.785,Bogota,Abril
246.965,56.826,7.256,0.327,0.048,0.651,0.582,15.591,5.49,5.902,104.655,Santiago,Marzo
513.039,122.725,10.595,0.148,0.33,0.558,0.48,14.309,10.732,4.893,121.116,Santiago,Marzo
201.109,56.746,8.84,0.275,0.359,0.573,0.53,16.891,11.088,5.62,112.157,Santiago,Diciembre
405.785,76.936,5.865,0.064,0.226,0.625,0.605,16.494,10.938,6.508,114.445,Santiago,Enero
305.885,87.791,8.954,0.273,0.241,0.763,0.684,16.753,9.52,4.846,73.015,Bogota,Julio
580.99,115.211,8.543,0.089,0.179,0.749,0.69,14.497,11.597,5.614,121.433,Bogota,Diciembre
413.716,95.714,10.514,0.19,0.353,0.43,0.373,20.267,14.194,4.175,130.039,Bogota,Enero
630.287,161.902,6.286,0.263,0.307,0.351,0.337,13.393,11.065,2.984,155.705,Santiago,Julio
365.71,99.165,6.881,0.269,0.207,0.6,0.582,16.562,15.64,4.305,143.074,Santiago,Octubre
395.78,110.112,2.465,0.303,0.337,0.534,0.54,12.751,10.36,6.216,114.793,Medellin,Marzo
421.031,116.647,8.513,0.283,0.402,0.813,0.766,14.767,13.468,4.524,162.882,Santiago,Junio
277.477,94.194,7.058,0.295,0.302,0.666,0.569,21.115,13.711,5.884,133.232,Mexico,Febrero
451.129,122.923,9.824,0.21,0.357,0.472,0.402,14.855,14.35,3.446,72.682,Mexico,Abril
453.127,111.64,7.453,0.259,0.182,0.398,0.371,12.975,7.54,4.666,100.788,Santiago,Abril
432.922,107.365,7.008,0.323,0.233,0.596,0.578,14.541,15.412,5.151,138.194,Santiago,Julio
463.561,114.384,7.868,0.132,0.276,0.506,0.451,13.804,15.245,4.212,80.682,Santiago,Julio
509.961,119.024,8.498,0.361,0.226,0.583,0.557,12.753,14.875,6.001,136.77,Mexico,Abril
261.961,39.36,6.617,0.082,0.252,0.541,0.437,6.778,7.925,5.938,133.5,Mexico,Junio
428.537,90.663,5.141,0.241,0.372,0.514,0.494,14.292,10.561,5.169,145.956,Santiago,Abril
265.448,59.153,11.764,0.235,0.278,0.386,0.396,12.368,7.495,3.525,120.127,Bogota,Febrero
470.98,117.946,14.894,0.341,0.34,0.727,0.67,15.134,11.926,5.564,152.366,Mexico,Febrero
396.294,96.383,4.934,0.237,0.274,0.516,0.414,18.848,14.145,4.968,103.845,Bogota,Marzo
256.672,74.526,3.258,0.377,0.213,0.735,0.677,16.916,12.92,4.9,131.765,Bogota,Enero
343.798,74.376,6.353,0.28,0.329,0.43,0.4,17.946,11.256,4.103,90.369,Santiago,Enero
239.633,61.702,6.11,0.235,0.361,0.431,0.383,14.201,7.773,5.381,94.711,Mexico,Abril
623.247,167.387,7.97,0.141,0.083,0.704,0.586,12.219,15.61,5.354,135.797,Santiago,Marzo
550.333,134.727,7.978,0.385,0.266,0.4,0.391,10.183,11.581,4.488,104.337,Bogota,Junio
274.577,84.245,9.335,0.306,0.341,0.568,0.471,15.963,19.006,4.666,93.502,Santiago,Abril
316.009,102.191,5.904,0.183,0.211,0.727,0.624,7.805,15.027,4.423,140.063,Santiago,Marzo
299.416,70.456,4.683,0.244,0.193,0.502,0.483,12.984,12.719,4.466,56.521,Santiago,Abril
404.715,104.318,8.414,0.107,0.317,0.347,0.27,13.231,10.821,5.225,124.194,Bogota,Febrero
447.634,103.139,8.057,0.105,0.338,0.514,0.495,14.954,11.687,5.031,155.523,Santiago,Septiembre
413.958,107.242,7.407,0.244,0.305,0.584,0.54,8.18,12.253,4.576,123.574,Mexico,Enero
383.434,121.291,7.259,0.161,0.257,0.427,0.415,22.878,12.112,6.645,128.121,Mexico,Agosto
275.006,101.661,7.879,0.398,0.213,0.783,0.694,13.952,18.181,4.238,122.971,Mexico,Marzo
418.14,92.867,6.963,0.373,0.172,0.799,0.717,11.842,12.743,5.545,90.681,Medellin,Marzo
264.213,69.617,6.133,0.219,0.271,0.39,0.491,19.06,13.798,4.406,96.633,Medellin,Junio
527.049,143.75,8.618,0.27,0.333,0.647,0.525,8.749,12.258,6.337,120.771,Mexico,Enero
330.866,75.881,9.965,0.222,0.206,0.247,0.243,11.832,11.873,4.649,101.57,Santiago,Junio
443.246,93.258,8.908,0.146,0.22,0.913,0.821,20.988,13.231,3.707,131.08,Santiago,Marzo
228.571,86.401,9.411,0.311,0.268,0.193,0.23,10.36,12.612,5.749,104.948,Medellin,Enero
516.67,136.221,8.967,0.381,0.217,0.366,0.314,9.667,11.961,3.331,125.305,Santiago,Septiembre
455.152,126.318,7.349,0.165,0.248,0.349,0.335,14.658,17.544,6.309,107.285,Bogota,Junio
549.812,108.52,7.998,0.219,0.265,0.791,0.728,6.559,12.222,4.032,158.567,Mexico,Diciembre
452.528,99.16,7.166,0.145,0.089,0.701,0.692,13.268,12.172,5.18,125.706,Santiago,Abril
408.077,104.163,10.084,0.084,0.302,0.666,0.615,11.868,9.333,4.103,128.596,Bogota,Abril
296.78,98.064,5.353,0.105,0.256,0.514,0.449,16.875,21.228,6.031,126.848,Santiago,Diciembre
494.263,96.024,8.892,0.208,0.286,0.661,0.61,12.391,6.21,5.153,136.537,Santiago,Diciembre
415.418,84.083,10.784,0.368,0.18,0.612,0.575,13.91,6.467,5.283,116.769,Mexico,Febrero
344.087,116.758,10.005,0.121,0.216,0.291,0.255,18.685,14.537,5.679,114.59,Mexico,Junio
391.276,108.152,4.558,0.261,0.312,0.596,0.606,15.217,13.524,2.387,97.436,Medellin,Febrero
217.674,59.48,8.19,0.224,0.225,0.55,0.491,16.223,16.911,4.821,127.255,Santiago,Diciembre
373.879,107.331,5.475,0.048,0.149,0.493,0.457,8.926,14.978,4.378,115.503,Santiago,Septiembre
405.696,86.049,8.226,0.197,0.265,0.362,0.311,18.531,7.769,3.384,140.483,Mexico,Abril
520.563,104.036,10.576,0.208,0.258,0.512,0.42,13.865,7.997,6.027,128.559,Mexico,Diciembre
809.566,176.943,7.472,0.217,0.254,0.407,0.415,15.079,10.089,2.631,133.484,Santiago,Abril
203.79,65.4,5.807,0.257,0.222,0.555,0.459,7.918,16.465,5.127,107.209,Bogota,Febrero
401.123,122.321,4.682,0.303,0.191,0.37,0.327,14.56,12.768,5.601,112.503,Santiago,Diciembre
393.706,96.702,5.779,0.308,0.204,0.225,0.277,21.237,9.544,4.713,140.66,Bogota,Julio
370.078,108.158,8.024,0.344,0.228,0.628,0.544,17.348,15.075,5.543,131.131,Medellin,Abril
105.581,25.968,9.734,0.268,0.3,0.494,0.476,14.956,13.129,4.998,88.695,Bogota,Febrero
586.861,138.81,5.736,0.199,0.201,0.682,0.665,15.832,13.193,6.073,140.87,Bogota,Diciembre
313.568,74.149,6.195,0.289,0.315,0.391,0.337,17.917,11.126,4.744,118.117,Bogota,Julio
364.42,79.635,8.353,0.093,0.249,0.44,0.409,14.876,10.326,6.047,135.921,Santiago,Junio
445.073,122.967,9.751,0.205,0.411,0.653,0.512,17.091,7.777,7.479,88.728,Mexico,Febrero
473.552,126.565,3.861,0.333,0.377,0.263,0.211,9.76,11.624,4.468,104.646,Santiago,Octubre
238.156,60.224,5.917,0.205,0.197,0.453,0.367,19.41,14.296,5.579,94.462,Santiago,Abril
589.578,128.431,9.51,0.286,0.274,0.613,0.584,14.963,9.331,3.597,117.055,Santiago,Abril
537.453,151.707,11.33,0.314,0.149,0.485,0.487,12.262,13.715,5.209,141.666,Bogota,Junio
366.389,69.11,1.308,0.132,0.339,0.569,0.481,8.426,8.884,4.533,105.313,Santiago,Diciembre
290.536,73.936,9.997,0.485,0.383,0.707,0.616,15.472,16.256,5.359,133.969,Santiago,Abril
242.553,78.32,8.954,0.155,0.228,0.54,0.555,11.891,13.548,3.692,68.033,Mexico,Diciembre
528.577,112.82,6.93,0.172,0.305,0.644,0.549,15.037,11.124,4.665,98.97,Mexico,Marzo
397.225,67.582,8.769,0.154,0.215,0.402,0.347,15.108,3.411,5.542,133.994,Santiago,Abril
388.68,78.134,4.845,0.381,0.126,0.579,0.436,14.381,8.194,4.618,91.536,Santiago,Abril
344.573,91.585,4.934,0.387,0.2,0.645,0.504,6.424,13.087,5.829,123.641,Bogota,Marzo
156.183,71.45,4.646,0.545,0.237,0.32,0.319,18.125,15.647,3.537,121.111,Mexico,Febrero
368.156,99.706,8.327,0.238,0.254,0.631,0.601,16.294,11.288,1.559,82.68,Bogota,Abril
332.192,79.934,7.011,0.314,0.105,0.558,0.489,17.004,18.518,3.945,115.708,Santiago,Julio
548.164,128.991,11.683,0.512,0.205,0.384,0.367,9.768,10.385,4.045,121.17,Mexico,Diciembre
397.5,87.835,9.389,0.194,0.377,0.548,0.489,18.401,10.086,5.574,99.299,Santiago,Abril
488.39,119.626,9.096,0.177,0.21,0.732,0.702,9.223,5.608,3.351,142.169,Mexico,Diciembre
276.916,79.528,9.142,0.313,0.235,0.347,0.352,18.649,12.421,6.432,55.287,Bogota,Febrero
504.479,111.494,5.949,0.252,0.322,0.384,0.322,16.116,8.569,4.008,92.181,Santiago,Junio
261.694,81.895,8.448,0.235,0.376,0.69,0.636,12.915,15.978,4.422,80.098,Santiago,Marzo
360.095,74.426,8.035,0.195,0.119,0.316,0.269,15.213,11.779,5.584,118.182,Santiago,Abril
309.393,79.358,10.094,0.334,0.218,0.49,0.418,18.747,11.718,4.289,102.437,Bogota,Abril
530.936,137.704,6.61,0.313,0.283,0.309,0.317,15.338,11.399,4.049,112.851,Santiago,Febrero
229.645,83.026,7.336,0.453,0.188,0.405,0.332,14.426,16.557,4.184,83.869,Santiago,Marzo
448.593,108.092,5.649,0.114,0.222,0.479,0.49,10.71,8.949,3.321,99.53,Bogota,Agosto
477.125,138.488,9.138,0.366,0.276,0.622,0.556,16.88,13.662,5.858,106.263,Medellin,Diciembre
476.429,105.778,9.618,0.242,0.235,0.441,0.374,12.596,5.869,5.112,118.463,Bogota,Diciembre
377.381,89.44,5.892,0.171,0.393,0.262,0.311,16.645,11.498,4.85,142.085,Bogota,Abril
375.034,102.969,7.407,0.223,0.199,0.571,0.446,16.116,9.436,4.842,65.136,Medellin,Marzo
522.36,122.003,12.24,0.276,0.31,0.509,0.5,12.081,10.397,5.513,132.904,Mexico,Marzo
598.344,116.782,8.354,0.172,0.143,0.657,0.606,15.808,8.955,5.871,57.792,Mexico,Febrero
533.511,138.65,5.27,0.262,0.22,0.553,0.53,15.971,11.425,6.43,104.795,Bogota,Enero
378.371,88.312,7.981,0.139,0.246,0.539,0.463,21.886,7.741,4.418,137.999,Santiago,Febrero
354.446,56.6,9.775,0.31,0.243,0.478,0.417,18.17,2.943,2.763,157.381,Bogota,Junio
383.947,105.521,11.592,0.12,0.333,0.504,0.495,10.304,16.081,7.113,70.729,Mexico,Febrero
261.188,71.12,4.617,0.316,0.22,0.289,0.281,16.105,15.625,5.834,77.915,Santiago,Diciembre
121.856,53.296,5.794,0.256,0.176,0.591,0.546,18.262,12.725,2.837,69.911,Mexico,Marzo
415.828,119.076,8.035,0.559,0.229,0.478,0.48,15.697,18.643,4.499,98.976,Santiago,Abril
591.064,138.064,11.285,0.408,0.19,0.215,0.223,14.913,8.607,3.176,120.08,Mexico,Junio
459.516,150.724,7.004,0.371,0.309,0.423,0.339,12.653,13.855,6.659,158.641,Santiago,Marzo
183.444,35.87,8.228,0.159,0.197,0.865,0.841,19.748,9.013,5.449,138.958,Bogota,Marzo
277.555,87.902,6.672,0.379,0.282,0.652,0.611,19.268,10.174,5.246,94.979,Mexico,Enero
373.552,100.27,7.775,0.353,0.207,0.312,0.22,14.72,13.335,4.522,100.725,Mexico,Enero
410.005,110.219,8.757,0.271,0.284,0.466,0.378,14.744,12.14,3.985,118.625,Mexico,Abril
262.771,77.06,8.322,0.2,0.131,0.673,0.667,16.428,8.248,6.968,123.771,Mexico,Abril
347.89,88.941,6.331,0.435,0.292,0.697,0.643,18.565,14.624,4.847,140.13,Santiago,Enero
141.486,61.163,5.967,0.183,0.322,0.434,0.421,14.979,13.572,4.889,155.795,Bogota,Diciembre
452.894,126.709,8.854,0.202,0.206,0.377,0.316,14.854,13.426,5.387,114.603,Medellin,Diciembre
384.683,89.266,12.742,0.311,0.319,0.241,0.21,14.506,11.24,4.841,103.391,Santiago,Diciembre
339.682,82.291,10.891,0.288,0.376,0.436,0.378,25.725,11.407,5.005,138.704,Santiago,Septiembre
405.692,115.424,6.814,0.261,0.258,0.168,0.18,9.997,11.983,4.958,131.577,Santiago,Abril
311.996,67.407,7.365,0.218,0.18,0.674,0.604,19.496,10.464,5.713,141.491,Mexico,Febrero
185.318,77.787,10.773,0.167,0.154,0.188,0.18,19.003,14.65,4.027,140.126,Mexico,Febrero
476.791,128.035,6.51,0.147,0.289,0.195,0.222,23.749,10.164,2.718,110.516,Santiago,Abril
323.019,99.234,5.648,0.291,0.292,0.836,0.778,18.884,10.727,6.153,61.721,Medellin,Julio
344.339,78.836,6.532,0.138,0.168,0.486,0.506,20.632,15.54,5.149,124.769,Mexico,Febrero
633.852,145.237,8.737,0.153,0.264,0.401,0.374,16.881,8.401,5.112,108.883,Santiago,Abril
358.846,73.614,10.624,0.156,0.225,0.604,0.631,17.937,8.826,2.89,156.774,Bogota,Febrero
266.976,82.239,8.89,0.235,0.333,0.543,0.512,15.674,12.663,5.066,113.458,Mexico,Diciembre
371.557,99.863,6.031,0.152,0.216,0.504,0.494,12.964,13.111,7.529,86.697,Santiago,Abril
190.779,40.175,5.866,0.145,0.319,0.269,0.235,16.252,11.772,3.961,140.711,Mexico,Marzo
420.372,95.262,8.263,0.283,0.121,0.333,0.293,11.459,10.132,4.742,118.688,Santiago,Junio
446.531,94.277,5.21,0.24,0.145,0.705,0.605,13.919,10.119,4.545,83.728,Medellin,Diciembre
382.889,121.429,8.698,0.181,0.176,0.659,0.536,15.23,16.513,5.365,125.179,Bogota,Junio
478.097,122.597,7.154,0.239,0.322,0.355,0.45,9.35,12.13,6.445,111.458,Mexico,Marzo
367.883,79.429,7.605,0.178,0.175,0.618,0.598,9.993,13.99,5.386,133.688,Mexico,Junio
336.758,78.302,8.645,0.184,0.262,0.5,0.491,11.475,11.534,3.607,74.647,Bogota,Abril
371.896,107.944,6.61,0.253,0.246,0.715,0.705,17.865,18.395,3.63,87.35,Santiago,Junio
276.471,55.131,11.866,0.137,0.32,0.56,0.536,12.208,14.247,3.645,91.127,Santiago,Febrero
510.101,96.439,9.965,0.093,0.252,0.579,0.545,20.363,7.631,1.446,115.329,Santiago,Enero
371.629,116.9,4.18,0.446,0.171,0.574,0.531,14.514,17.079,3.655,125.258,Santiago,Febrero
563.591,135.142,9.829,0.242,0.307,0.601,0.583,13.776,10.598,4.319,81.41,Bogota,Febrero
533.027,107.183,8.724,0.274,0.299,0.374,0.304,16.452,8.73,4.919,98.758,Santiago,Enero
327.298,91.986,8.344,0.293,0.237,0.625,0.504,20.651,17.93,3.734,148.287,Santiago,Marzo
373.34,104.911,10.328,0.186,0.251,0.533,0.503,8.732,9.81,5.852,151.328,Medellin,Junio
395.46,109.423,9.579,0.251,0.117,0.687,0.561,19.707,14.99,4.758,96.616,Santiago,Junio
312.106,98.707,9.003,0.373,0.262,0.406,0.333,12.345,12.261,6.245,69.29,Mexico,Abril
340.612,90.327,9.731,0.129,0.237,0.474,0.495,22.286,10.17,5.607,78.389,Santiago,Julio
363.409,104.831,8.383,0.242,0.148,0.437,0.407,12.25,11.714,5.539,98.351,Mexico,Febrero
281.494,80.662,7.683,0.129,0.392,0.742,0.701,15.493,13.945,4.557,113.72,Bogota,Enero
535.254,147.637,10.865,0.176,0.067,0.521,0.501,9.204,12.926,7.934,111.047,Santiago,Abril
255.107,78.276,9.142,0.191,0.321,0.333,0.339,8.589,15.866,3.269,94.924,Mexico,Abril
537.233,124.821,6.424,0.192,0.257,0.939,0.926,11.102,12.575,4.764,157.536,Santiago,Diciembre
309.548,84.763,10.433,0.246,0.252,0.673,0.539,17.375,15.848,6.304,108.582,Mexico,Julio
518.047,120.354,6.69,0.271,0.27,0.756,0.678,20.863,8.343,7.38,100.573,Bogota,Abril
294.096,117.094,3.868,0.296,0.335,0.802,0.702,15.075,11.37,5.584,151.456,Bogota,Abril
352.061,90.344,8.267,0.214,0.301,0.404,0.34,17.73,12.613,5.085,113.02,Santiago,Febrero
332.622,86.898,7.862,0.226,0.302,0.3,0.219,9.621,8.599,4.801,84.351,Mexico,Diciembre
493.155,107.979,8.551,0.232,0.435,0.71,0.636,17.517,9.531,6.592,91.088,Medellin,Diciembre
261.08,70.715,3.51,0.432,0.236,0.628,0.616,14.046,11.061,6.543,148.789,Bogota,Febrero
294.029,74.066,9.348,0.177,0.196,0.266,0.278,16.507,10.425,5.179,86.512,Bogota,Abril
128.796,56.892,7.813,0.336,0.365,0.453,0.348,12.57,13.043,5.16,129.49,Medellin,Marzo
458.41,93.138,6.607,0.186,0.273,0.445,0.45,11.964,8.907,3.139,96.906,Medellin,Abril
590.885,122.655,11.389,0.221,0.269,0.497,0.406,8.007,6.731,4.525,144.347,Santiago,Marzo
507.561,140.605,10.634,0.44,0.258,0.598,0.562,17.541,14.025,4.906,79.162,Mexico,Julio
210.305,54.835,5.232,0.386,0.287,0.437,0.433,13.297,12.085,4.728,120.844,Santiago,Marzo
558.565,127.552,8.844,0.278,0.371,0.413,0.421,9.946,8.433,4.116,104.008,Santiago,Agosto
329.349,104.87,10.85,0.261,0.333,0.92,0.902,18.619,14.502,5.391,139.601,Mexico,Abril
336.703,82.267,8.059,0.349,0.234,0.201,0.156,19.795,11.949,3.419,109.723,Santiago,Febrero
521.395,110.76,3.195,0.307,0.283,0.457,0.47,19.217,7.501,7.911,75.795,Santiago,Marzo
622.303,110.88,7.412,0.309,0.175,0.498,0.498,20.391,5.824,6.914,105.67,Santiago,Enero
291.642,86.064,7.633,0.356,0.386,0.526,0.532,12.571,14.921,4.928,101.259,Bogota,Marzo
531.416,139.848,8.964,0.272,0.273,0.531,0.473,10.163,7.898,4.997,140.632,Mexico,Junio
502.508,130.631,8.12,0.268,0.163,0.281,0.301,15.78,14.794,4.457,132.074,Bogota,Enero
608.361,124.041,11.86,0.357,0.266,0.513,0.412,10.22,8.443,3.045,94.727,Santiago,Febrero
493.375,107.446,8.764,0.264,0.179,0.512,0.511,20.162,7.374,3.648,62.344,Santiago,Junio
437.196,112.119,4.483,0.235,0.284,0.64,0.609,11.689,14.552,7.218,113.223,Mexico,Marzo
492.934,137.615,9.942,0.078,0.271,0.389,0.417,15.189,11.3,3.982,92.951,Santiago,Julio
546.468,120.518,8.789,0.165,0.237,0.363,0.357,16.917,12.674,5.324,72.607,Santiago,Febrero
284.536,58.341,6.727,0.131,0.243,0.298,0.344,16.981,14.398,6.425,67.047,Santiago,Abril
451.518,106.781,11.212,0.37,0.309,0.576,0.56,10.886,14.695,3.074,107.213,Bogota,Junio
183.335,62.831,8.061,0.298,0.227,0.617,0.579,21.359,11.09,5.496,71.438,Mexico,Marzo
399.206,95.761,7.14,0.205,0.344,0.614,0.549,16.337,8.475,7.608,141.492,Santiago,Abril
358.17,78.91,10.266,0.106,0.209,0.46,0.436,15.702,11.499,4.077,120.673,Santiago,Abril
324.285,76.398,9.779,0.222,0.135,0.492,0.456,16.622,16.156,5.311,106.71,Bogota,Abril
619.61,158.053,7.859,0.22,0.266,0.444,0.322,14.715,13.232,6.774,117.947,Medellin,Febrero
209.945,61.364,5.196,0.233,0.291,0.229,0.263,11.265,14.376,3.529,96.88,Santiago,Abril
466.304,109.388,9.853,0.321,0.225,0.287,0.325,19.854,11.657,4.682,169.354,Medellin,Febrero
377.523,102.148,3.872,0.076,0.14,0.438,0.434,11.313,10.997,4.282,79.524,Bogota,Febrero
557.12,104.068,10.586,0.225,0.176,0.57,0.445,21.168,9.588,4.426,131.677,Bogota,Abril
520.814,122.43,10.303,0.195,0.286,0.603,0.603,10.989,10.127,2.815,129.729,Santiago,Febrero
420.742,109.996,6.684,0.192,0.247,0.633,0.585,19.954,12.922,3.364,75.212,Mexico,Marzo
139.333,38.447,9.442,0.321,0.316,0.564,0.531,15.134,14.461,5.518,130.856,Santiago,Junio
530.249,111.294,6.54,0.122,0.21,0.364,0.349,20.813,6.932,3.488,97.86,Bogota,Enero
188.981,65.608,7.623,0.367,0.2,0.142,0.147,11.464,13.235,3.832,99.626,Medellin,Abril
594.524,117.955,7.682,0.349,0.19,0.505,0.504,15.836,10.554,7.164,126.39,Santiago,Abril
410.713,95.704,8.747,0.269,0.177,0.637,0.598,8.606,16.046,4.092,130.609,Mexico,Marzo
720.061,151.621,8.468,0.428,0.316,0.909,0.808,6.049,10.703,4.178,146.141,Santiago,Marzo
385.441,98.125,7.952,0.266,0.181,0.287,0.206,10.026,12.846,4.318,129.976,Bogota,Junio
225.147,47.053,5.827,0.309,0.231,0.632,0.593,11.847,4.869,3.519,113.796,Bogota,Enero
357.648,101.309,5.935,0.163,0.2,0.598,0.535,8.384,10.348,3.968,96.973,Santiago,Diciembre
533.745,91.693,9.274,0.203,0.323,0.811,0.71,8.63,1.522,4.237,81.755,Bogota,Diciembre
624.868,104.252,9.072,0.192,0.147,0.626,0.587,15.527,7.326,5.81,75.344,Santiago,Febrero
293.898,50.888,3.821,0.148,0.183,0.368,0.343,11.109,10.125,5.692,99.195,Santiago,Marzo
496.062,100.567,7.538,0.419,0.174,0.511,0.446,7.638,8.87,5.782,153.861,Mexico,Abril
170.31,67.729,7.583,0.22,0.264,0.432,0.447,16.667,9.471,4.643,85.422,Mexico,Marzo
308.876,82.013,5.221,0.332,-0.016,0.301,0.328,19.13,18.453,5.524,148.077,Santiago,Febrero
264.122,75.898,7.845,0.338,0.267,0.604,0.558,18.187,12.136,6.756,146.024,Bogota,Abril
220.479,66.107,9.259,0.085,0.166,0.73,0.636,9.622,13.561,5.402,126.835,Santiago,Marzo
501.889,109.709,7.646,0.304,0.23,0.366,0.36,22.421,9.068,4.922,105.785,Bogota,Marzo
713.44,162.465,7.984,0.144,0.222,0.939,0.818,16.364,9.525,5.063,139.128,Bogota,Agosto
520.808,112.55,7.866,0.264,0.236,0.475,0.405,16.621,10.428,3.975,139.242,Santiago,Diciembre
499.919,132.237,5.454,0.418,0.157,0.683,0.666,19.299,16.339,8.087,160.563,Bogota,Febrero
90.599,-10.099,8.752,0.275,0.272,0.528,0.525,14.212,3.542,6.417,99.302,Bogota,Julio
262.637,38.299,9.333,0.14,0.215,0.871,0.782,14.902,8.262,4.986,132.633,Santiago,Diciembre
506.923,126.372,5.278,0.244,0.211,0.169,0.19,14.15,12.874,4.98,132.731,Santiago,Abril
386.849,92.12,2.658,0.261,0.383,0.706,0.605,15.698,13.475,4.024,105.022,Santiago,Febrero
580.424,131.131,8.279,0.428,0.153,0.258,0.28,1.156,7.339,4.264,99.052,Santiago,Abril
151.183,32.461,12.073,0.235,0.261,0.263,0.266,15.458,7.038,6.559,59.367,Mexico,Marzo
491.684,103.331,3.113,0.146,0.224,0.589,0.49,24.135,10.097,4.143,105.788,Bogota,Junio
250.613,67.191,7.18,0.345,0.276,0.561,0.501,13.672,9.976,4.688,125.154,Bogota,Marzo
443.262,88.455,10.193,0.295,0.218,0.419,0.417,20.519,7.235,4.733,64.304,Mexico,Diciembre
13.233,30.064,5.427,0.325,0.199,0.684,0.595,9.881,12.384,5.12,160.61,Mexico,Diciembre
649.89,161.853,7.013,0.168,0.194,0.268,0.217,14.71,11.853,4.616,105.166,Santiago,Abril
407.72,109.078,8.686,0.464,0.181,0.514,0.44,17.08,8.602,4.885,68.16,Bogota,Febrero
299.295,72.037,9.402,0.458,0.411,0.242,0.202,10.763,9.828,4.423,103.507,Bogota,Agosto
497.393,117.398,6.949,0.124,0.277,0.533,0.53,17.236,10.501,4.936,124.164,Mexico,Febrero
464.394,112.582,6.928,0.318,0.273,0.419,0.399,17.708,9.594,5.057,88.541,Mexico,Abril
225.437,55.542,8.327,0.349,0.294,0.514,0.476,13.603,14.266,6.131,137.851,Santiago,Abril
323.608,70.72,8.565,0.06,0.334,0.682,0.52,14.465,11.984,7.127,116.687,Mexico,Abril
462.916,139.095,9.16,0.24,0.193,0.546,0.478,13.314,12.903,5.506,99.741,Bogota,Abril
270.273,98.19,8.231,0.342,0.146,0.328,0.307,18.393,15.207,5.506,96.524,Santiago,Febrero
665.476,159.544,10.611,0.243,0.234,0.499,0.481,12.703,8.296,6.247,111.071,Santiago,Marzo
313.846,80.283,6.616,0.269,0.285,0.597,0.561,16.923,10.729,5.909,80.892,Mexico,Abril
415.035,117.942,7.95,0.153,0.152,0.598,0.553,24.96,11.898,4.555,82.819,Bogota,Marzo
359.09,116.379,6.334,0.364,0.093,0.556,0.523,14.233,13.644,3.78,115.513,Medellin,Marzo
363.78,108.271,5.207,0.274,0.352,0.559,0.481,12.003,10.869,7.657,104.595,Bogota,Junio
282.631,52.182,7.901,0.202,0.374,0.68,0.654,17.26,11.957,4.687,136.766,Santiago,Abril
175.088,64.134,6.561,0.272,0.202,0.502,0.42,14.811,13.156,6.619,107.978,Santiago,Diciembre
337.76,64.587,8.959,0.256,0.184,0.554,0.558,14.623,12.1,4.771,126.437,Santiago,Diciembre
470.269,131.314,7.904,0.263,0.212,0.718,0.68,6.826,10.278,4.514,169.875,Mexico,Junio
395.83,95.429,9.948,0.192,0.086,0.643,0.539,23.345,11.059,8.014,112.965,Santiago,Diciembre
164.388,41.56,9.343,0.256,0.402,0.633,0.557,21.803,11.97,6.89,114.247,Santiago,Diciembre
288.153,81.133,1.646,0.138,0.282,0.308,0.344,16.829,13.592,3.122,125.152,Santiago,Abril
336.494,97.656,6.581,0.206,0.271,0.58,0.537,11.806,14.498,5.677,131.944,Mexico,Junio
368.241,99.815,7.114,0.239,0.24,0.6,0.581,11.139,12.994,6.222,99.795,Mexico,Marzo
664.06,166.568,9.603,0.243,0.2,0.292,0.338,6.863,12.589,6.169,90.929,Bogota,Marzo
346.18,93.246,8.298,0.144,0.265,0.546,0.533,13.695,12.863,6.127,93.662,Mexico,Febrero
613.248,170.068,9.648,0.331,0.259,0.259,0.272,13.284,11.383,4.509,100.424,Mexico,Marzo
527.149,102.322,7.512,0.078,0.165,0.378,0.362,20.848,8.83,4.041,127.338,Santiago,Marzo
335.023,100.312,7.248,0.298,0.246,0.7,0.6,10.415,12.115,4.529,85.369,Bogota,Abril
270.146,48.635,5.339,0.321,0.181,0.644,0.567,19.494,8.117,4.767,117.892,Mexico,Abril
398.632,97.757,2.752,0.39,0.168,0.556,0.451,14.286,16.436,4.006,116.94,Santiago,Abril
